"Id";"Designator";"Package";"Quantity";"Designation";"Supplier and ref";
1;"G***";"Alois_name_logo";1;"LOGO";;;
2;"J1";"GS2";1;"GS2";;;
3;"U3";"ADR292GRUZ";1;"ADR292GRUZ";;;
4;"C14,C6,C13,C2,C11,C5,C4,C3,C1,C7";"C_0805_HandSoldering";10;"0.1uF";;;
5;"R11";"R_0805_HandSoldering";1;"5.1k";;;
6;"U2";"SOT-23-6";1;"OPA320SAIDBVT";;;
7;"R1";"R_0805";1;"680k";;;
8;"TP3,TP1,TP2,TP4";"Measurement_Point_Round-SMD-Pad_Small";4;"TESTPOINT";;;
9;"D1,D2";"LED_0805";2;"LED";;;
10;"R9";"R_0805_HandSoldering";1;"220R";;;
11;"R10";"R_0805_HandSoldering";1;"100R";;;
12;"LD1";"ADL-65055TL";1;"Laserdiode_N_TYPE";;;
13;"U1";"ADN8810ACPZ";1;"ADN8810ACPZ";;;
14;"C12";"C_0805_HandSoldering";1;"82pF";;;
15;"C8,C9,C10";"C_1210_HandSoldering";3;"22uF";;;
16;"R4";"R_0805";1;"7.87k";;;
17;"R3";"R_0805";1;"66.5R";;;
18;"R2";"R_0805";1;"21k";;;
19;"R8,R7,R6,R5";"R_0805_HandSoldering";4;"100k";;;
20;"Q1";"SOT-23-6";1;"FDC637BNZ";;;
21;"JP3,JP2,JP1,JP4";"1X03";4;"Jumper_NC_Dual";;;
22;"SHIELD1";"ARDUINO_SHIELD";1;"ARDUINO_SHIELD";;;
