Designator,Val,Package,Mid X,Mid Y,Rotation,Layer
C1,0.1uF,C_0805_HandSoldering,161.417,-92.456,180,top
C3,0.1uF,C_0805_HandSoldering,169.799,-97.917,0,top
C4,0.1uF,C_0805_HandSoldering,166.878,-92.456,0,top
C5,0.1uF,C_0805_HandSoldering,157.48,-93.853,90,top
C6,0.1uF,C_0805_HandSoldering,169.799,-94.742,0,top
C7,0.1uF,C_0805_HandSoldering,141.732,-92.329,0,top
C8,22uF,C_1210_HandSoldering,162.56,-115.062,270,top
C9,22uF,C_1210_HandSoldering,150.495,-115.062,270,top
C10,22uF,C_1210_HandSoldering,154.813,-114.935,270,top
C11,0.1uF,C_0805_HandSoldering,160.655,-86.36,90,top
C12,82pF,C_0805_HandSoldering,146.812,-100.965,0,top
C13,0.1uF,C_0805_HandSoldering,141.732,-94.488,180,top
D1,LED,LED_0805,159.131,-112.268,90,top
D2,LED,LED_0805,145.8468,-111.3536,90,top
J1,GS2,GS2,162.2756,-89.916,270,top
Q1,FDC637BNZ,SOT-23-6,158.158,-102.301,90,top
R1,680k,R_0805,142.428,-96.647,0,top
R2,21k,R_0805,145.796,-92.329,180,top
R3,66.5R,R_0805,164.338,-103.251,0,top
R4,7.87k,R_0805,146.812,-98.679,0,top
R5,100k,R_0805_HandSoldering,166.243,-77.47,0,top
R6,100k,R_0805_HandSoldering,154.051,-77.597,180,top
R7,100k,R_0805_HandSoldering,160.655,-77.47,0,top
R8,100k,R_0805_HandSoldering,150.368,-91.567,270,top
R9,220R,R_0805_HandSoldering,159.2072,-117.5512,270,top
R10,100R,R_0805_HandSoldering,145.8468,-117.1194,270,top
U2,OPA320SAIDBVT,SOT-23-6,146.05,-95.631,0,top
U3,ADR292GRUZ,ADR292GRUZ,165.917999,-87.2236,180,top
